1,img00001
2,img00002
3,img00003
4,img00004
5,img00005
6,img00006
7,img00007
8,img00008
9,img00009
10,img00010
11,img00011
12,img00012
13,img00013
14,img00014
15,img00015
16,img00016
17,img00017
18,img00018
19,img00019
20,img00020
21,img00021
22,img00022
23,img00023
24,img00024
25,img00025
26,img00026
27,img00027
28,img00028
29,img00029
30,img00030
31,img00031
32,img00032
33,img00033
34,img00034
35,img00035
36,img00036
37,img00037
38,img00038
39,img00039
40,img00040
41,img00041
42,img00042
43,img00043
44,img00044
45,img00045
46,img00046
47,img00047
48,img00048
49,img00049
50,img00050
51,img00051
52,img00052
53,img00053
54,img00054
55,img00055
56,img00056
57,img00057
58,img00058
59,img00059
60,img00060
61,img00061
62,img00062
63,img00063
64,img00064
65,img00065
66,img00066
67,img00067
68,img00068
69,img00069
70,img00070
71,img00071
72,img00072
73,img00073
74,img00074
75,img00075
76,img00076
77,img00077
78,img00078
79,img00079
80,img00080
81,img00081
82,img00082
83,img00083
84,img00084
85,img00085
86,img00086
87,img00087
88,img00088
89,img00089
90,img00090
91,img00091
92,img00092
93,img00093
94,img00094
95,img00095
96,img00096
97,img00097
98,img00098
99,img00099
100,img00100
101,img00101
102,img00102
103,img00103
104,img00104
105,img00105
106,img00106
107,img00107
108,img00108
109,img00109
110,img00110
111,img00111
112,img00112
113,img00113
114,img00114
115,img00115
116,img00116
117,img00117
118,img00118
119,img00119
120,img00120
121,img00121
122,img00122
123,img00123
124,img00124
125,img00125
126,img00126
127,img00127
128,img00128
129,img00129
130,img00131
131,img00132
132,img00133
133,img00134
134,img00135
135,img00136
136,img00137
137,img00138
138,img00139
139,img00140
140,img00141
141,img00142
142,img00143
143,img00144
144,img00145
145,img00146
146,img00147
147,img00148
148,img00149
149,img00150
150,img00151
151,img00152
152,img00153
153,img00154
154,img10154
155,img00155
156,img00156
157,img10155
158,img00157
159,img00158
160,img00159
161,img00160
162,img00161
163,img00162
164,img00163
165,img00164
166,img00165
167,img00166
168,img00167
169,img00168
170,img00169
171,img00170
172,img00171
173,img00172
174,img00173
175,img00174
176,img00175
177,img00176
178,img00177
179,img00178
180,img00179
181,img00180
182,img00181
183,img00182
184,img00183
185,img00184
186,img00185
187,img00186
188,img00187
189,img00188
190,img00189
191,img00190
192,img00191
193,img00192
194,img00193
195,img00193
196,img00193
197,img00193
198,img00194
199,img00194
200,img00194
201,img00194
202,img00195
203,img00196
204,img00197
205,img00198
206,img00199
207,img00200
208,img00201
209,img00202
210,img00203
211,img00204
212,img00205
213,img00206
214,img00207
215,img00208
216,img00209
217,img00210
218,img10209
219,img00211
220,img00212
221,img00213
222,img00214
223,img00215
224,img00216
225,img00217
226,img00218
227,img00219
228,img00220
229,img00221
230,img00222
231,img00223
232,img00224
233,img00225
234,img00226
235,img00227
236,img00228
237,img00229
238,img00230
239,img00231
240,img00232
241,img00233
242,img00234
243,img00235
244,img00236
245,img00237
246,img00238
247,img00239
248,img00240
249,img00241
250,img00242
251,img00243
252,img00244
253,img00245
254,img00246
255,img00247
256,img00248
257,img00249
258,img00250
259,img00251
260,img00252
261,img00253
262,img00254
263,img00255
264,img00256
265,img00257
266,img00258
267,img00259
268,img00260
269,img00261
270,img00262
271,img00263
272,img00264
273,img00265
274,img00266
275,img00267
276,img00268
277,img00269
278,img00270
279,img00271
280,img00272
281,img00273
282,img00274
283,img00275
284,img00276
285,img00277
286,img00278
287,img00279
288,img00280
289,img00281
290,img00282
291,img00283
292,img00284
293,img00285
294,img00286
295,img00287
296,img00288
297,img00289
298,img00290
299,img00291
300,img00292
301,img00293
302,img00294
303,img00295
304,img00296
305,img00297
306,img00298
307,img00299
308,img00300
309,img00301
310,img00302
311,img00303
312,img00304
313,img00305
314,img00306
315,img00307
316,img00308
317,img00309
318,img00310
319,img00311
320,img00312
321,img00313
322,img10311
323,img00314
324,img00315
325,img00316
326,img00317
327,img00318
328,img00319
329,img00320
330,img00321
331,img00322
332,img00323
333,img00324
334,img00325
335,img00326
336,img00327
337,img00328
338,img00329
339,img00330
340,img00331
341,img00332
342,img00333
343,img00334
344,img00335
345,img10332
346,img00336
347,img00337
348,img00338
349,img00339
350,img00340
351,img00341
352,img00342
353,img00343
354,img00344
355,img00345
356,img00346
357,img00347
358,img00348
359,img00349
360,img00350
361,img00351
362,img00352
363,img00353
364,img00354
365,img00355
366,img00356
367,img00357
368,img00358
369,img00359
370,img00360
371,img00361
372,img00362
373,img00363
374,img00364
375,img00365
376,img00366
377,img00367
378,img00368
379,img00369
380,img00370
381,img00371
382,img00372
383,img00373
384,img10368
385,img00374
386,img00375
387,img10370
388,img00376
389,img00377
390,img10372
391,img20372
392,img30372
393,img40372
394,img50372
395,img00378
396,img00379
397,img00380
398,img00381
399,img00382
400,img00383
401,img00384
402,img00385
403,img00386
404,img00387
405,img00388
406,img00389
407,img00390
408,img00391
409,img00392
410,img00393
411,img00394
412,img00395
413,img00396
414,img00397
415,img00398
416,img00399
417,img00400
418,img00401
419,img00402
420,img00403
421,img00404
422,img00405
423,img00406
424,img00407